Frame,AX,AY,AZ,GX,GY,GZ
0,10,146,8057,1,4,9
1,10,146,8057,1,4,9
2,10,146,8057,1,4,9
3,10,146,8057,1,4,9
4,10,146,8057,1,4,9
5,10,146,8057,1,4,9
6,10,146,8057,1,4,9
7,10,146,8057,1,4,9
8,10,146,8057,1,4,9
9,10,146,8057,1,4,9
10,10,146,8057,1,4,9
11,10,146,8057,1,4,9
12,10,146,8057,1,4,9
13,10,146,8057,1,4,9
14,10,146,8057,1,4,9
15,10,146,8057,1,4,9
16,10,146,8057,1,4,9
17,10,146,8057,1,4,9
18,10,146,8057,1,4,9
19,10,146,8057,1,4,9
20,10,146,8057,1,4,9
21,10,146,8057,1,4,9
22,10,146,8057,1,4,9
23,10,146,8057,1,4,9
24,10,146,8057,1,4,9
25,10,146,8057,1,4,9
26,10,146,8057,1,4,9
27,10,146,8057,1,4,9
28,10,146,8057,1,4,9
29,10,146,8057,1,4,9
30,10,146,8057,1,4,9
31,10,146,8057,1,4,9
32,10,146,8057,1,4,9
33,10,146,8057,1,4,9
34,10,146,8057,1,4,9
35,10,146,8057,1,4,9
36,10,146,8057,1,4,9
37,10,146,8057,1,4,9
38,10,146,8057,1,4,9
39,10,146,8057,1,4,9
40,10,146,8057,1,4,9
41,10,146,8057,1,4,9
42,10,146,8057,1,4,9
43,10,146,8057,1,4,9
44,10,146,8057,1,4,9
45,10,146,8057,1,4,9
46,10,146,8057,1,4,9
47,10,146,8057,1,4,9
48,10,146,8057,1,4,9
49,10,146,8057,1,4,9
50,10,146,8057,1,4,9
51,10,146,8057,1,4,9
52,10,146,8057,1,4,9
53,10,146,8057,1,4,9
54,10,146,8057,1,4,9
55,10,146,8057,1,4,9
56,10,146,8057,1,4,9
57,10,146,8057,1,4,9
58,10,146,8057,1,4,9
59,10,146,8057,1,4,9
60,10,146,8057,1,4,9
61,10,146,8057,1,4,9
62,10,146,8057,1,4,9
63,10,146,8057,1,4,9
64,10,146,8057,1,4,9
65,10,146,8057,1,4,9
66,10,146,8057,1,4,9
67,16,98,8089,2,4,8
68,16,98,8089,2,4,8
69,16,98,8089,2,4,8
70,16,98,8089,2,4,8
71,16,98,8089,2,4,8
72,16,98,8089,2,4,8
73,16,98,8089,2,4,8
74,16,98,8089,2,4,8
75,16,98,8089,2,4,8
76,16,98,8089,2,4,8
77,16,98,8089,2,4,8
78,16,98,8089,2,4,8
79,16,98,8089,2,4,8
80,16,98,8089,2,4,8
81,16,98,8089,2,4,8
82,16,98,8089,2,4,8
83,16,98,8089,2,4,8
84,16,98,8089,2,4,8
85,16,98,8089,2,4,8
86,16,98,8089,2,4,8
87,16,98,8089,2,4,8
88,16,98,8089,2,4,8
89,16,98,8089,2,4,8
90,16,98,8089,2,4,8
91,16,98,8089,2,4,8
92,16,98,8089,2,4,8
93,16,98,8089,2,4,8
94,16,98,8089,2,4,8
95,16,98,8089,2,4,8
96,16,98,8089,2,4,8
97,16,98,8089,2,4,8
98,16,98,8089,2,4,8
99,16,98,8089,2,4,8
100,16,98,8089,2,4,8
101,16,98,8089,2,4,8
102,16,98,8089,2,4,8
103,16,98,8089,2,4,8
104,16,98,8089,2,4,8
105,16,98,8089,2,4,8
106,16,98,8089,2,4,8
107,16,98,8089,2,4,8
108,16,98,8089,2,4,8
109,16,98,8089,2,4,8
110,16,98,8089,2,4,8
111,16,98,8089,2,4,8
112,16,98,8089,2,4,8
113,16,98,8089,2,4,8
114,16,98,8089,2,4,8
115,16,98,8089,2,4,8
116,16,98,8089,2,4,8
117,16,98,8089,2,4,8
118,16,98,8089,2,4,8
119,16,98,8089,2,4,8
120,16,98,8089,2,4,8
121,16,98,8089,2,4,8
122,16,98,8089,2,4,8
123,16,98,8089,2,4,8
124,16,98,8089,2,4,8
125,16,98,8089,2,4,8
126,16,98,8089,2,4,8
127,16,98,8089,2,4,8
128,16,98,8089,2,4,8
129,16,98,8089,2,4,8
130,16,98,8089,2,4,8
131,16,98,8089,2,4,8
132,16,98,8089,2,4,8
133,16,98,8089,2,4,8
134,16,92,8013,0,5,9
135,42,92,8013,0,5,9
136,42,92,8013,0,5,9
137,42,92,8013,0,5,9
138,42,92,8013,0,5,9
139,42,92,8013,0,5,9
140,42,92,8013,0,5,9
141,42,92,8013,0,5,9
142,42,92,8013,0,5,9
143,42,92,8013,0,5,9
144,42,92,8013,0,5,9
145,42,92,8013,0,5,9
146,42,92,8013,0,5,9
147,42,92,8013,0,5,9
148,42,92,8013,0,5,9
149,42,92,8013,0,5,9
150,42,92,8013,0,5,9
151,42,92,8013,0,5,9
152,42,92,8013,0,5,9
153,42,92,8013,0,5,9
154,42,92,8013,0,5,9
155,42,92,8013,0,5,9
156,42,92,8013,0,5,9
157,42,92,8013,0,5,9
158,42,92,8013,0,5,9
159,42,92,8013,0,5,9
160,42,92,8013,0,5,9
161,42,92,8013,0,5,9
162,42,92,8013,0,5,9
163,42,92,8013,0,5,9
164,42,92,8013,0,5,9
165,42,92,8013,0,5,9
166,42,92,8013,0,5,9
167,42,92,8013,0,5,9
168,42,92,8013,0,5,9
169,42,92,8013,0,5,9
170,42,92,8013,0,5,9
171,42,92,8013,0,5,9
172,42,92,8013,0,5,9
173,42,92,8013,0,5,9
174,42,92,8013,0,5,9
175,42,92,8013,0,5,9
176,42,92,8013,0,5,9
177,42,92,8013,0,5,9
178,42,92,8013,0,5,9
179,42,92,8013,0,5,9
180,42,92,8013,0,5,9
181,42,92,8013,0,5,9
182,42,92,8013,0,5,9
183,42,92,8013,0,5,9
184,42,92,8013,0,5,9
185,42,92,8013,0,5,9
186,42,92,8013,0,5,9
187,42,92,8013,0,5,9
188,42,92,8013,0,5,9
189,42,92,8013,0,5,9
190,42,92,8013,0,5,9
191,42,92,8013,0,5,9
192,42,92,8013,0,5,9
193,42,92,8013,0,5,9
194,42,92,8013,0,5,9
195,42,92,8013,0,5,9
196,42,92,8013,0,5,9
197,42,92,8013,0,5,9
198,42,92,8013,0,5,9
199,42,92,8013,0,5,9
200,42,92,8013,0,5,9
201,42,92,8013,2,3,11
202,72,36,8043,2,3,11
203,72,36,8043,2,3,11
204,72,36,8043,2,3,11
205,72,36,8043,2,3,11
206,72,36,8043,2,3,11
207,72,36,8043,2,3,11
208,72,36,8043,2,3,11
209,72,36,8043,2,3,11
210,72,36,8043,2,3,11
211,72,36,8043,2,3,11
212,72,36,8043,2,3,11
213,72,36,8043,2,3,11
214,72,36,8043,2,3,11
215,72,36,8043,2,3,11
216,72,36,8043,2,3,11
217,72,36,8043,2,3,11
218,72,36,8043,2,3,11
219,72,36,8043,2,3,11
220,72,36,8043,2,3,11
221,72,36,8043,2,3,11
222,72,36,8043,2,3,11
223,72,36,8043,2,3,11
224,72,36,8043,2,3,11
225,72,36,8043,2,3,11
226,72,36,8043,2,3,11
227,72,36,8043,2,3,11
228,72,36,8043,2,3,11
229,72,36,8043,2,3,11
230,72,36,8043,2,3,11
231,72,36,8043,2,3,11
232,72,36,8043,2,3,11
233,72,36,8043,2,3,11
234,72,36,8043,2,3,11
235,72,36,8043,2,3,11
236,72,36,8043,2,3,11
237,72,36,8043,2,3,11
238,72,36,8043,2,3,11
239,72,36,8043,2,3,11
240,72,36,8043,2,3,11
241,72,36,8043,2,3,11
242,72,36,8043,2,3,11
243,72,36,8043,2,3,11
244,72,36,8043,2,3,11
245,72,36,8043,2,3,11
246,72,36,8043,2,3,11
247,72,36,8043,2,3,11
248,72,36,8043,2,3,11
249,72,36,8043,2,3,11
250,72,36,8043,2,3,11
251,72,36,8043,2,3,11
252,72,36,8043,2,3,11
253,72,36,8043,2,3,11
254,72,36,8043,2,3,11
255,72,36,8043,2,3,11
256,72,36,8043,2,3,11
257,72,36,8043,2,3,11
258,72,36,8043,2,3,11
259,72,36,8043,2,3,11
260,72,36,8043,2,3,11
261,72,36,8043,2,3,11
262,72,36,8043,2,3,11
263,72,36,8043,2,3,11
264,72,36,8043,2,3,11
265,72,36,8043,2,3,11
266,72,36,8043,2,3,11
267,72,36,8043,2,3,11
268,72,36,8043,2,3,11
269,68,46,7993,0,3,10
270,68,46,7993,0,3,10
271,68,46,7993,0,3,10
272,68,46,7993,0,3,10
273,68,46,7993,0,3,10
274,68,46,7993,0,3,10
275,68,46,7993,0,3,10
276,68,46,7993,0,3,10
277,68,46,7993,0,3,10
278,68,46,7993,0,3,10
279,68,46,7993,0,3,10
280,68,46,7993,0,3,10
281,68,46,7993,0,3,10
282,68,46,7993,0,3,10
283,68,46,7993,0,3,10
284,68,46,7993,0,3,10
285,68,46,7993,0,3,10
286,68,46,7993,0,3,10
287,68,46,7993,0,3,10
288,68,46,7993,0,3,10
289,68,46,7993,0,3,10
290,68,46,7993,0,3,10
291,68,46,7993,0,3,10
292,68,46,7993,0,3,10
293,68,46,7993,0,3,10
294,68,46,7993,0,3,10
295,68,46,7993,0,3,10
296,68,46,7993,0,3,10
297,68,46,7993,0,3,10
298,68,46,7993,0,3,10
299,68,46,7993,0,3,10
300,68,46,7993,0,3,10
301,68,46,7993,0,3,10
302,68,46,7993,0,3,10
303,68,46,7993,0,3,10
304,68,46,7993,0,3,10
305,68,46,7993,0,3,10
306,68,46,7993,0,3,10
307,68,46,7993,0,3,10
308,68,46,7993,0,3,10
309,68,46,7993,0,3,10
310,68,46,7993,0,3,10
311,68,46,7993,0,3,10
312,68,46,7993,0,3,10
313,68,46,7993,0,3,10
314,68,46,7993,0,3,10
315,68,46,7993,0,3,10
316,68,46,7993,0,3,10
317,68,46,7993,0,3,10
318,68,46,7993,0,3,10
319,68,46,7993,0,3,10
320,68,46,7993,0,3,10
321,68,46,7993,0,3,10
322,68,46,7993,0,3,10
323,68,46,7993,0,3,10
324,68,46,7993,0,3,10
325,68,46,7993,0,3,10
326,68,46,7993,0,3,10
327,68,46,7993,0,3,10
328,68,46,7993,0,3,10
329,68,46,7993,0,3,10
330,68,46,7993,0,3,10
331,68,46,7993,0,3,10
332,68,46,7993,0,3,10
333,68,46,7993,0,3,10
334,68,46,7993,0,3,10
335,68,46,7993,0,3,10
336,68,10,8125,0,3,11
337,-10,10,8125,0,3,11
338,-10,10,8125,0,3,11
339,-10,10,8125,0,3,11
340,-10,10,8125,0,3,11
341,-10,10,8125,0,3,11
342,-10,10,8125,0,3,11
343,-10,10,8125,0,3,11
344,-10,10,8125,0,3,11
345,-10,10,8125,0,3,11
346,-10,10,8125,0,3,11
347,-10,10,8125,0,3,11
348,-10,10,8125,0,3,11
349,-10,10,8125,0,3,11
350,-10,10,8125,0,3,11
351,-10,10,8125,0,3,11
352,-10,10,8125,0,3,11
353,-10,10,8125,0,3,11
354,-10,10,8125,0,3,11
355,-10,10,8125,0,3,11
356,-10,10,8125,0,3,11
357,-10,10,8125,0,3,11
358,-10,10,8125,0,3,11
359,-10,10,8125,0,3,11
360,-10,10,8125,0,3,11
361,-10,10,8125,0,3,11
362,-10,10,8125,0,3,11
363,-10,10,8125,0,3,11
364,-10,10,8125,0,3,11
365,-10,10,8125,0,3,11
366,-10,10,8125,0,3,11
367,-10,10,8125,0,3,11
368,-10,10,8125,0,3,11
369,-10,10,8125,0,3,11
370,-10,10,8125,0,3,11
371,-10,10,8125,0,3,11
372,-10,10,8125,0,3,11
373,-10,10,8125,0,3,11
374,-10,10,8125,0,3,11
375,-10,10,8125,0,3,11
376,-10,10,8125,0,3,11
377,-10,10,8125,0,3,11
378,-10,10,8125,0,3,11
379,-10,10,8125,0,3,11
380,-10,10,8125,0,3,11
381,-10,10,8125,0,3,11
382,-10,10,8125,0,3,11
383,-10,10,8125,0,3,11
384,-10,10,8125,0,3,11
385,-10,10,8125,0,3,11
386,-10,10,8125,0,3,11
387,-10,10,8125,0,3,11
388,-10,10,8125,0,3,11
389,-10,10,8125,0,3,11
390,-10,10,8125,0,3,11
391,-10,10,8125,0,3,11
392,-10,10,8125,0,3,11
393,-10,10,8125,0,3,11
394,-10,10,8125,0,3,11
395,-10,10,8125,0,3,11
396,-10,10,8125,0,3,11
397,-10,10,8125,0,3,11
398,-10,10,8125,0,3,11
399,-10,10,8125,0,3,11
400,-10,10,8125,0,3,11
401,-10,10,8125,2,5,9
402,18,20,8045,2,5,9
403,18,20,8045,2,5,9
404,18,20,8045,2,5,9
405,18,20,8045,2,5,9
406,18,20,8045,2,5,9
407,18,20,8045,2,5,9
408,18,20,8045,2,5,9
409,18,20,8045,2,5,9
410,18,20,8045,2,5,9
411,18,20,8045,2,5,9
412,18,20,8045,2,5,9
413,18,20,8045,2,5,9
414,18,20,8045,2,5,9
415,18,20,8045,2,5,9
416,18,20,8045,2,5,9
417,18,20,8045,2,5,9
418,18,20,8045,2,5,9
419,18,20,8045,2,5,9
420,18,20,8045,2,5,9
421,18,20,8045,2,5,9
422,18,20,8045,2,5,9
423,18,20,8045,2,5,9
424,18,20,8045,2,5,9
425,18,20,8045,2,5,9
426,18,20,8045,2,5,9
427,18,20,8045,2,5,9
428,18,20,8045,2,5,9
429,18,20,8045,2,5,9
430,18,20,8045,2,5,9
431,18,20,8045,2,5,9
432,18,20,8045,2,5,9
433,18,20,8045,2,5,9
434,18,20,8045,2,5,9
435,18,20,8045,2,5,9
436,18,20,8045,2,5,9
437,18,20,8045,2,5,9
438,18,20,8045,2,5,9
439,18,20,8045,2,5,9
440,18,20,8045,2,5,9
441,18,20,8045,2,5,9
442,18,20,8045,2,5,9
443,18,20,8045,2,5,9
444,18,20,8045,2,5,9
445,18,20,8045,2,5,9
446,18,20,8045,2,5,9
447,18,20,8045,2,5,9
448,18,20,8045,2,5,9
449,18,20,8045,2,5,9
450,18,20,8045,2,5,9
451,18,20,8045,2,5,9
452,18,20,8045,2,5,9
453,18,20,8045,2,5,9
454,18,20,8045,2,5,9
455,18,20,8045,2,5,9
456,18,20,8045,2,5,9
457,18,20,8045,2,5,9
458,18,20,8045,2,5,9
459,18,20,8045,2,5,9
460,18,20,8045,2,5,9
461,18,20,8045,2,5,9
462,18,20,8045,2,5,9
463,18,20,8045,2,5,9
464,18,20,8045,2,5,9
465,18,20,8045,2,5,9
466,18,20,8045,2,5,9
467,18,20,8045,2,5,9
468,18,20,8045,2,5,9
469,-14,24,8041,4,4,10
470,-14,24,8041,4,4,10
471,-14,24,8041,4,4,10
472,-14,24,8041,4,4,10
473,-14,24,8041,4,4,10
474,50,60,8057,2,3,11
475,50,60,8057,2,3,11
476,50,60,8057,2,3,11
477,50,60,8057,2,3,11
478,50,60,8057,2,3,11
479,50,60,8057,2,3,11
480,50,60,8057,2,3,11
481,50,60,8057,2,3,11
482,50,60,8057,2,3,11
483,50,60,8057,2,3,11
484,50,60,8057,2,3,11
485,50,60,8057,2,3,11
486,50,60,8057,2,3,11
487,50,60,8057,2,3,11
488,50,60,8057,2,3,11
489,50,60,8057,2,3,11
490,50,60,8057,2,3,11
491,50,60,8057,2,3,11
492,50,60,8057,2,3,11
493,50,60,8057,2,3,11
494,50,60,8057,2,3,11
495,50,60,8057,2,3,11
496,50,60,8057,2,3,11
497,50,60,8057,2,3,11
498,50,60,8057,2,3,11
499,50,60,8057,2,3,11
500,50,60,8057,2,3,11
501,50,60,8057,2,3,11
502,50,60,8057,2,3,11
503,50,60,8057,2,3,11
504,50,60,8057,2,3,11
505,50,60,8057,2,3,11
506,50,60,8057,2,3,11
507,50,60,8057,2,3,11
508,50,60,8057,2,3,11
509,50,60,8057,2,3,11
510,50,60,8057,2,3,11
511,50,60,8057,2,3,11
512,50,60,8057,2,3,11
513,50,60,8057,2,3,11
514,50,60,8057,2,3,11
515,50,60,8057,2,3,11
516,50,60,8057,2,3,11
517,50,60,8057,2,3,11
518,40,60,8055,2,2,11
519,40,60,8055,2,2,11
520,40,60,8055,2,2,11
521,40,60,8055,2,2,11
522,40,60,8055,2,2,11
523,40,60,8055,2,2,11
524,40,60,8055,2,2,11
525,40,60,8055,2,2,11
526,40,60,8055,2,2,11
527,40,60,8055,2,2,11
528,40,60,8055,2,2,11
529,40,60,8055,2,2,11
530,40,60,8055,2,2,11
531,40,60,8055,2,2,11
532,40,60,8055,2,2,11
533,40,60,8055,2,2,11
534,40,60,8055,2,2,11
535,40,60,8055,2,2,11
536,40,60,8055,2,2,11
537,40,60,8055,2,2,11
538,40,60,8055,2,2,11
539,40,60,8055,2,2,11
540,40,60,8055,2,2,11
541,40,60,8055,2,2,11
542,40,60,8055,2,2,11
543,40,60,8055,2,2,11
544,40,60,8055,2,2,11
545,40,60,8055,2,2,11
546,40,60,8055,2,2,11
547,40,60,8055,2,2,11
548,40,60,8055,2,2,11
549,40,60,8055,2,2,11
550,40,60,8055,2,2,11
551,40,60,8055,2,2,11
552,40,60,8055,2,2,11
553,40,60,8055,2,2,11
554,40,60,8055,2,2,11
555,40,60,8055,2,2,11
556,40,60,8055,2,2,11
557,40,60,8055,2,2,11
558,40,60,8055,2,2,11
559,40,60,8055,2,2,11
560,40,60,8055,2,2,11
561,40,60,8055,2,2,11
562,40,60,8055,2,2,11
563,40,60,8055,2,2,11
564,40,60,8055,2,2,11
565,40,60,8055,2,2,11
566,40,60,8055,2,2,11
567,40,60,8055,2,2,11
568,40,60,8055,2,2,11
569,40,60,8055,2,2,11
570,40,60,8055,2,2,11
571,40,60,8055,2,2,11
572,40,60,8055,2,2,11
573,40,60,8055,2,2,11
574,40,60,8055,2,2,11
575,40,60,8055,2,2,11
576,40,60,8055,2,2,11
577,40,60,8055,2,2,11
578,40,60,8055,2,2,11
579,40,60,8055,2,2,11
580,40,60,8055,2,2,11
581,40,60,8055,2,2,11
582,40,60,8055,2,2,11
583,40,60,8055,2,2,11
584,40,60,8055,2,2,11
585,40,70,8151,2,1,11
586,24,70,8151,2,1,11
587,24,70,8151,2,1,11
588,24,70,8151,2,1,11
589,24,70,8151,2,1,11
590,24,70,8151,2,1,11
591,24,70,8151,2,1,11
592,24,70,8151,2,1,11
593,24,70,8151,2,1,11
594,24,70,8151,2,1,11
595,24,70,8151,2,1,11
596,24,70,8151,2,1,11
597,24,70,8151,2,1,11
598,24,70,8151,2,1,11
599,24,70,8151,2,1,11
600,24,70,8151,2,1,11
601,24,70,8151,2,1,11
602,24,70,8151,2,1,11
603,24,70,8151,2,1,11
604,24,70,8151,2,1,11
605,24,70,8151,2,1,11
606,24,70,8151,2,1,11
607,24,70,8151,2,1,11
608,24,70,8151,2,1,11
609,24,70,8151,2,1,11
610,24,70,8151,2,1,11
611,24,70,8151,2,1,11
612,24,70,8151,2,1,11
613,24,70,8151,2,1,11
614,24,70,8151,2,1,11
615,24,70,8151,2,1,11
616,24,70,8151,2,1,11
617,24,70,8151,2,1,11
618,24,70,8151,2,1,11
619,24,70,8151,2,1,11
620,24,70,8151,2,1,11
621,24,70,8151,2,1,11
622,24,70,8151,2,1,11
623,24,70,8151,2,1,11
624,24,70,8151,2,1,11
625,24,70,8151,2,1,11
626,24,70,8151,2,1,11
627,24,70,8151,2,1,11
628,24,70,8151,2,1,11
629,24,70,8151,2,1,11
630,24,70,8151,2,1,11
631,24,70,8151,2,1,11
632,24,70,8151,2,1,11
633,24,70,8151,2,1,11
634,24,70,8151,2,1,11
635,24,70,8151,2,1,11
636,24,70,8151,2,1,11
637,24,70,8151,2,1,11
638,24,70,8151,2,1,11
639,24,70,8151,2,1,11
640,24,70,8151,2,1,11
641,24,70,8151,2,1,11
642,24,70,8151,2,1,11
643,24,70,8151,2,1,11
644,24,70,8151,2,1,11
645,24,70,8151,2,1,11
646,24,70,8151,2,1,11
647,24,70,8151,2,1,11
648,24,70,8151,2,1,11
649,24,70,8151,2,1,11
650,24,70,8151,2,1,11
651,24,70,8151,2,1,11
652,24,70,8151,2,1,9
653,32,66,8023,1,1,9
654,32,66,8023,1,1,9
655,32,66,8023,1,1,9
656,32,66,8023,1,1,9
657,32,66,8023,1,1,9
658,32,66,8023,1,1,9
659,32,66,8023,1,1,9
660,32,66,8023,1,1,9
661,32,66,8023,1,1,9
662,32,66,8023,1,1,9
663,32,66,8023,1,1,9
664,32,66,8023,1,1,9
665,32,66,8023,1,1,9
666,32,66,8023,1,1,9
667,32,66,8023,1,1,9
668,32,66,8023,1,1,9
669,32,66,8023,1,1,9
670,32,66,8023,1,1,9
671,32,66,8023,1,1,9
672,32,66,8023,1,1,9
673,32,66,8023,1,1,9
674,32,66,8023,1,1,9
675,32,66,8023,1,1,9
676,32,66,8023,1,1,9
677,32,66,8023,1,1,9
678,32,66,8023,1,1,9
679,32,66,8023,1,1,9
680,32,66,8023,1,1,9
681,32,66,8023,1,1,9
682,32,66,8023,1,1,9
683,32,66,8023,1,1,9
684,32,66,8023,1,1,9
685,32,66,8023,1,1,9
686,32,66,8023,1,1,9
687,32,66,8023,1,1,9
688,32,66,8023,1,1,9
689,32,66,8023,1,1,9
690,32,66,8023,1,1,9
691,32,66,8023,1,1,9
692,32,66,8023,1,1,9
693,32,66,8023,1,1,9
694,32,66,8023,1,1,9
695,32,66,8023,1,1,9
696,32,66,8023,1,1,9
697,32,66,8023,1,1,9
698,32,66,8023,1,1,9
699,32,66,8023,1,1,9
700,32,66,8023,1,1,9
701,32,66,8023,1,1,9
702,32,66,8023,1,1,9
703,32,66,8023,1,1,9
704,32,66,8023,1,1,9
705,32,66,8023,1,1,9
706,32,66,8023,1,1,9
707,32,66,8023,1,1,9
708,32,66,8023,1,1,9
709,32,66,8023,1,1,9
710,32,66,8023,1,1,9
711,32,66,8023,1,1,9
712,32,66,8023,1,1,9
713,32,66,8023,1,1,9
714,32,66,8023,1,1,9
715,32,66,8023,1,1,9
716,32,66,8023,1,1,9
717,32,66,8023,1,1,9
718,32,66,8023,1,1,9
719,32,66,8023,1,1,9
720,46,56,8077,1,1,10
721,46,56,8077,1,1,10
722,46,56,8077,1,1,10
723,46,56,8077,1,1,10
724,46,56,8077,1,1,10
725,46,56,8077,1,1,10
726,46,56,8077,1,1,10
727,46,56,8077,1,1,10
728,46,56,8077,1,1,10
729,46,56,8077,1,1,10
730,46,56,8077,1,1,10
731,46,56,8077,1,1,10
732,46,56,8077,1,1,10
733,46,56,8077,1,1,10
734,46,56,8077,1,1,10
735,46,56,8077,1,1,10
736,46,56,8077,1,1,10
737,46,56,8077,1,1,10
738,46,56,8077,1,1,10
739,46,56,8077,1,1,10
740,46,56,8077,1,1,10
741,46,56,8077,1,1,10
742,46,56,8077,1,1,10
743,46,56,8077,1,1,10
744,46,56,8077,1,1,10
745,46,56,8077,1,1,10
746,46,56,8077,1,1,10
747,46,56,8077,1,1,10
748,46,56,8077,1,1,10
749,46,56,8077,1,1,10
750,46,56,8077,1,1,10
751,46,56,8077,1,1,10
752,46,56,8077,1,1,10
753,46,56,8077,1,1,10
754,46,56,8077,1,1,10
755,46,56,8077,1,1,10
756,46,56,8077,1,1,10
757,46,56,8077,1,1,10
758,46,56,8077,1,1,10
759,46,56,8077,1,1,10
760,46,56,8077,1,1,10
761,46,56,8077,1,1,10
762,46,56,8077,1,1,10
763,46,56,8077,1,1,10
764,46,56,8077,1,1,10
765,46,56,8077,1,1,10
766,46,56,8077,1,1,10
767,46,56,8077,1,1,10
768,46,56,8077,1,1,10
769,46,56,8077,1,1,10
770,46,56,8077,1,1,10
771,46,56,8077,1,1,10
772,46,56,8077,1,1,10
773,46,56,8077,1,1,10
774,46,56,8077,1,1,10
775,46,56,8077,1,1,10
776,46,56,8077,1,1,10
777,46,56,8077,1,1,10
778,46,56,8077,1,1,10
779,46,56,8077,1,1,10
780,46,56,8077,1,1,10
781,46,56,8077,1,1,10
782,46,56,8077,1,1,10
783,46,56,8077,1,1,10
784,46,56,8077,1,1,10
785,46,56,8077,1,1,10
786,46,56,8077,1,1,10
787,46,64,8045,2,1,11
788,34,64,8045,2,1,11
789,34,64,8045,2,1,11
790,34,64,8045,2,1,11
791,34,64,8045,2,1,11
792,34,64,8045,2,1,11
793,34,64,8045,2,1,11
794,34,64,8045,2,1,11
795,34,64,8045,2,1,11
796,34,64,8045,2,1,11
797,34,64,8045,2,1,11
798,34,64,8045,2,1,11
799,34,64,8045,2,1,11
800,34,64,8045,2,1,11
801,34,64,8045,2,1,11
802,34,64,8045,2,1,11
803,34,64,8045,2,1,11
804,34,64,8045,2,1,11
805,34,64,8045,2,1,11
806,34,64,8045,2,1,11
807,34,64,8045,2,1,11
808,34,64,8045,2,1,11
809,34,64,8045,2,1,11
810,34,64,8045,2,1,11
811,34,64,8045,2,1,11
812,34,64,8045,2,1,11
813,34,64,8045,2,1,11
814,34,64,8045,2,1,11
815,34,64,8045,2,1,11
816,34,64,8045,2,1,11
817,34,64,8045,2,1,11
818,34,64,8045,2,1,11
819,34,64,8045,2,1,11
820,34,64,8045,2,1,11
821,34,64,8045,2,1,11
822,34,64,8045,2,1,11
823,34,64,8045,2,1,11
824,34,64,8045,2,1,11
825,34,64,8045,2,1,11
826,34,64,8045,2,1,11
827,34,64,8045,2,1,11
828,34,64,8045,2,1,11
829,34,64,8045,2,1,11
830,34,64,8045,2,1,11
831,34,64,8045,2,1,11
832,34,64,8045,2,1,11
833,34,64,8045,2,1,11
834,34,64,8045,2,1,11
835,34,64,8045,2,1,11
836,34,64,8045,2,1,11
837,34,64,8045,2,1,11
838,34,64,8045,2,1,11
839,34,64,8045,2,1,11
840,34,64,8045,2,1,11
841,34,64,8045,2,1,11
842,34,64,8045,2,1,11
843,34,64,8045,2,1,11
844,34,64,8045,2,1,11
845,34,64,8045,2,1,11
846,34,64,8045,2,1,11
847,34,64,8045,2,1,11
848,34,64,8045,2,1,11
849,34,64,8045,2,1,11
850,34,64,8045,2,1,11
851,34,64,8045,2,1,11
852,34,64,8045,2,1,11
853,34,64,8045,2,1,11
854,34,64,8045,2,3,8
855,-8,52,8067,3,3,8
856,-8,52,8067,3,3,8
857,-8,52,8067,3,3,8
858,-8,52,8067,3,3,8
859,-8,52,8067,3,3,8
860,-8,52,8067,3,3,8
861,-8,52,8067,3,3,8
862,-8,52,8067,3,3,8
863,-8,52,8067,3,3,8
864,-8,52,8067,3,3,8
865,-8,52,8067,3,3,8
866,-8,52,8067,3,3,8
867,-8,52,8067,3,3,8
868,-8,52,8067,3,3,8
869,-8,52,8067,3,3,8
870,-8,52,8067,3,3,8
871,-8,52,8067,3,3,8
872,-8,52,8067,3,3,8
873,-8,52,8067,3,3,8
874,-8,52,8067,3,3,8
875,-8,52,8067,3,3,8
876,-8,52,8067,3,3,8
877,-8,52,8067,3,3,8
878,-8,52,8067,3,3,8
879,-8,52,8067,3,3,8
880,-8,52,8067,3,3,8
881,-8,52,8067,3,3,8
882,-8,52,8067,3,3,8
883,-8,52,8067,3,3,8
884,-8,52,8067,3,3,8
885,-8,52,8067,3,3,8
886,-8,52,8067,3,3,8
887,-8,52,8067,3,3,8
888,-8,52,8067,3,3,8
889,-8,52,8067,3,3,8
890,-8,52,8067,3,3,8
891,-8,52,8067,3,3,8
892,-8,52,8067,3,3,8
893,-8,52,8067,3,3,8
894,-8,52,8067,3,3,8
895,-8,52,8067,3,3,8
896,-8,52,8067,3,3,8
897,-8,52,8067,3,3,8
898,-8,52,8067,3,3,8
899,-8,52,8067,3,3,8
900,-8,52,8067,3,3,8
901,-8,52,8067,3,3,8
902,-8,52,8067,3,3,8
903,-8,52,8067,3,3,8
904,-8,52,8067,3,3,8
905,-8,52,8067,3,3,8
906,-8,52,8067,3,3,8
907,-8,52,8067,3,3,8
908,-8,52,8067,3,3,8
909,-8,52,8067,3,3,8
910,-8,52,8067,3,3,8
911,-8,52,8067,3,3,8
912,-8,52,8067,3,3,8
913,-8,52,8067,3,3,8
914,-8,52,8067,3,3,8
915,-8,52,8067,3,3,8
916,-8,52,8067,3,3,8
917,-8,52,8067,3,3,8
918,-8,52,8067,3,3,8
919,-8,52,8067,3,3,8
920,-8,52,8067,3,3,8
921,-8,52,8067,3,3,8
922,52,66,8053,1,2,8
923,52,66,8053,1,2,8
924,52,66,8053,1,2,8
925,52,66,8053,1,2,8
926,52,66,8053,1,2,8
927,52,66,8053,1,2,8
928,52,66,8053,1,2,8
929,52,66,8053,1,2,8
930,52,66,8053,1,2,8
931,52,66,8053,1,2,8
932,52,66,8053,1,2,8
933,52,66,8053,1,2,8
934,52,66,8053,1,2,8
935,52,66,8053,1,2,8
936,52,66,8053,1,2,8
937,52,66,8053,1,2,8
938,52,66,8053,1,2,8
939,52,66,8053,1,2,8
940,52,66,8053,1,2,8
941,52,66,8053,1,2,8
942,52,66,8053,1,2,8
943,52,66,8053,1,2,8
944,52,66,8053,1,2,8
945,52,66,8053,1,2,8
946,52,66,8053,1,2,8
947,52,66,8053,1,2,8
948,52,66,8053,1,2,8
949,52,66,8053,1,2,8
950,52,66,8053,1,2,8
951,52,66,8053,1,2,8
952,52,66,8053,1,2,8
953,52,66,8053,1,2,8
954,52,66,8053,1,2,8
955,52,66,8053,1,2,8
956,52,66,8053,1,2,8
957,52,66,8053,1,2,8
958,52,66,8053,1,2,8
959,52,66,8053,1,2,8
960,52,66,8053,1,2,8
961,52,66,8053,1,2,8
962,52,66,8053,1,2,8
963,52,66,8053,1,2,8
964,52,66,8053,1,2,8
965,52,66,8053,1,2,8
966,52,66,8053,1,2,8
967,52,66,8053,1,2,8
968,52,66,8053,1,2,8
969,52,66,8053,1,2,8
970,52,66,8053,1,2,8
971,52,66,8053,1,2,8
972,52,66,8053,1,2,8
973,52,66,8053,1,2,8
974,52,66,8053,1,2,8
975,52,66,8053,1,2,8
976,52,66,8053,1,2,8
977,52,66,8053,1,2,8
978,52,66,8053,1,2,8
979,52,66,8053,1,2,8
980,52,66,8053,1,2,8
981,52,66,8053,1,2,8
982,52,66,8053,1,2,8
983,52,66,8053,1,2,8
984,52,66,8053,1,2,8
985,52,66,8053,1,2,8
986,52,66,8053,1,2,8
987,52,66,8053,1,2,8
988,52,66,8053,1,2,8
989,52,66,8103,1,1,9
990,50,62,8103,1,1,9
991,50,62,8103,1,1,9
992,50,62,8103,1,1,9
993,50,62,8103,1,1,9
994,50,62,8103,1,1,9
995,50,62,8103,1,1,9
996,50,62,8103,1,1,9
997,50,62,8103,1,1,9
998,50,62,8103,1,1,9
999,50,62,8103,1,1,9
