Zaman,Hex_Veri,Decimal_Veri,Angle
2026-07-24 16:58:58,80,128,90.3529411764706
2026-07-24 16:58:58,80,128,90.3529411764706
2026-07-24 16:58:58,80,128,90.3529411764706
2026-07-24 16:58:58,80,128,90.3529411764706
2026-07-24 16:58:58,7F,127,89.6470588235294
2026-07-24 16:58:58,80,128,90.3529411764706
2026-07-24 16:58:59,80,128,90.3529411764706
2026-07-24 16:58:59,80,128,90.3529411764706
2026-07-24 16:58:59,80,128,90.3529411764706
2026-07-24 16:58:59,80,128,90.3529411764706
2026-07-24 16:58:59,80,128,90.3529411764706
2026-07-24 16:58:59,7F,127,89.6470588235294
2026-07-24 16:58:59,80,128,90.3529411764706
2026-07-24 16:58:59,80,128,90.3529411764706
2026-07-24 16:58:59,80,128,90.3529411764706
2026-07-24 16:58:59,7F,127,89.6470588235294
2026-07-24 16:59:00,80,128,90.3529411764706
2026-07-24 16:59:00,80,128,90.3529411764706
2026-07-24 16:59:00,80,128,90.3529411764706
2026-07-24 16:59:00,80,128,90.3529411764706
2026-07-24 16:59:00,80,128,90.3529411764706
2026-07-24 16:59:00,80,128,90.3529411764706
2026-07-24 16:59:00,7F,127,89.6470588235294
2026-07-24 16:59:00,80,128,90.3529411764706
2026-07-24 16:59:00,80,128,90.3529411764706
2026-07-24 16:59:00,7F,127,89.6470588235294
2026-07-24 16:59:01,80,128,90.3529411764706
2026-07-24 16:59:01,7F,127,89.6470588235294
2026-07-24 16:59:01,80,128,90.3529411764706
2026-07-24 16:59:01,7F,127,89.6470588235294
2026-07-24 16:59:01,80,128,90.3529411764706
2026-07-24 16:59:01,7E,126,88.94117647058823
2026-07-24 16:59:01,76,118,83.29411764705883
2026-07-24 16:59:01,73,115,81.17647058823529
2026-07-24 16:59:01,6F,111,78.3529411764706
2026-07-24 16:59:01,6C,108,76.23529411764706
2026-07-24 16:59:02,67,103,72.70588235294117
2026-07-24 16:59:02,64,100,70.58823529411765
2026-07-24 16:59:02,62,98,69.17647058823529
2026-07-24 16:59:02,61,97,68.47058823529412
2026-07-24 16:59:02,61,97,68.47058823529412
2026-07-24 16:59:02,61,97,68.47058823529412
2026-07-24 16:59:02,61,97,68.47058823529412
2026-07-24 16:59:02,61,97,68.47058823529412
2026-07-24 16:59:02,60,96,67.76470588235294
2026-07-24 16:59:02,61,97,68.47058823529412
2026-07-24 16:59:03,61,97,68.47058823529412
2026-07-24 16:59:03,61,97,68.47058823529412
2026-07-24 16:59:03,61,97,68.47058823529412
2026-07-24 16:59:03,61,97,68.47058823529412
2026-07-24 16:59:03,60,96,67.76470588235294
2026-07-24 16:59:03,61,97,68.47058823529412
2026-07-24 16:59:03,61,97,68.47058823529412
2026-07-24 16:59:03,61,97,68.47058823529412
2026-07-24 16:59:03,61,97,68.47058823529412
2026-07-24 16:59:03,61,97,68.47058823529412
2026-07-24 16:59:04,61,97,68.47058823529412
2026-07-24 16:59:04,60,96,67.76470588235294
2026-07-24 16:59:04,60,96,67.76470588235294
2026-07-24 16:59:04,5F,95,67.05882352941177
2026-07-24 16:59:04,5F,95,67.05882352941177
2026-07-24 16:59:04,5F,95,67.05882352941177
2026-07-24 16:59:04,5E,94,66.3529411764706
2026-07-24 16:59:04,5C,92,64.94117647058823
2026-07-24 16:59:04,58,88,62.11764705882353
2026-07-24 16:59:04,51,81,57.1764705882353
2026-07-24 16:59:05,4E,78,55.05882352941177
2026-07-24 16:59:05,4F,79,55.76470588235294
2026-07-24 16:59:05,4F,79,55.76470588235294
2026-07-24 16:59:05,51,81,57.1764705882353
2026-07-24 16:59:05,50,80,56.470588235294116
2026-07-24 16:59:05,50,80,56.470588235294116
2026-07-24 16:59:05,3F,63,44.470588235294116
2026-07-24 16:59:05,37,55,38.8235294117647
2026-07-24 16:59:05,30,48,33.88235294117647
2026-07-24 16:59:05,2F,47,33.1764705882353
2026-07-24 16:59:06,2F,47,33.1764705882353
2026-07-24 16:59:06,2F,47,33.1764705882353
2026-07-24 16:59:06,2F,47,33.1764705882353
2026-07-24 16:59:06,2F,47,33.1764705882353
2026-07-24 16:59:06,30,48,33.88235294117647
2026-07-24 16:59:06,32,50,35.294117647058826
2026-07-24 16:59:06,32,50,35.294117647058826
2026-07-24 16:59:06,32,50,35.294117647058826
2026-07-24 16:59:06,32,50,35.294117647058826
2026-07-24 16:59:06,32,50,35.294117647058826
2026-07-24 16:59:07,32,50,35.294117647058826
2026-07-24 16:59:07,31,49,34.588235294117645
2026-07-24 16:59:07,32,50,35.294117647058826
2026-07-24 16:59:07,32,50,35.294117647058826
2026-07-24 16:59:07,32,50,35.294117647058826
2026-07-24 16:59:07,32,50,35.294117647058826
2026-07-24 16:59:07,32,50,35.294117647058826
2026-07-24 16:59:07,32,50,35.294117647058826
2026-07-24 16:59:07,32,50,35.294117647058826
2026-07-24 16:59:07,32,50,35.294117647058826
2026-07-24 16:59:08,32,50,35.294117647058826
2026-07-24 16:59:08,32,50,35.294117647058826
2026-07-24 16:59:08,32,50,35.294117647058826
2026-07-24 16:59:08,32,50,35.294117647058826
2026-07-24 16:59:08,32,50,35.294117647058826
2026-07-24 16:59:08,32,50,35.294117647058826
2026-07-24 16:59:08,32,50,35.294117647058826
2026-07-24 16:59:08,32,50,35.294117647058826
2026-07-24 16:59:08,35,53,37.411764705882355
2026-07-24 16:59:08,1D,29,20.470588235294116
2026-07-24 16:59:09,0B,11,7.764705882352941
2026-07-24 16:59:09,0C,12,8.470588235294118
2026-07-24 16:59:09,06,6,4.235294117647059
2026-07-24 16:59:09,0B,11,7.764705882352941
2026-07-24 16:59:09,0D,13,9.176470588235293
2026-07-24 16:59:09,13,19,13.411764705882353
2026-07-24 16:59:09,14,20,14.117647058823529
2026-07-24 16:59:09,13,19,13.411764705882353
2026-07-24 16:59:09,13,19,13.411764705882353
2026-07-24 16:59:09,13,19,13.411764705882353
2026-07-24 16:59:10,13,19,13.411764705882353
2026-07-24 16:59:10,14,20,14.117647058823529
2026-07-24 16:59:10,14,20,14.117647058823529
2026-07-24 16:59:10,14,20,14.117647058823529
2026-07-24 16:59:10,14,20,14.117647058823529
2026-07-24 16:59:10,14,20,14.117647058823529
2026-07-24 16:59:10,14,20,14.117647058823529
2026-07-24 16:59:10,13,19,13.411764705882353
2026-07-24 16:59:10,14,20,14.117647058823529
2026-07-24 16:59:10,13,19,13.411764705882353
2026-07-24 16:59:11,14,20,14.117647058823529
2026-07-24 16:59:11,14,20,14.117647058823529
2026-07-24 16:59:11,13,19,13.411764705882353
2026-07-24 16:59:11,13,19,13.411764705882353
2026-07-24 16:59:11,14,20,14.117647058823529
2026-07-24 16:59:11,14,20,14.117647058823529
2026-07-24 16:59:11,14,20,14.117647058823529
2026-07-24 16:59:11,13,19,13.411764705882353
2026-07-24 16:59:11,14,20,14.117647058823529
2026-07-24 16:59:11,14,20,14.117647058823529
2026-07-24 16:59:12,14,20,14.117647058823529
2026-07-24 16:59:12,14,20,14.117647058823529
2026-07-24 16:59:12,14,20,14.117647058823529
2026-07-24 16:59:12,14,20,14.117647058823529
2026-07-24 16:59:12,13,19,13.411764705882353
2026-07-24 16:59:12,14,20,14.117647058823529
2026-07-24 16:59:12,14,20,14.117647058823529
2026-07-24 16:59:12,14,20,14.117647058823529
2026-07-24 16:59:12,14,20,14.117647058823529
2026-07-24 16:59:12,14,20,14.117647058823529
2026-07-24 16:59:13,14,20,14.117647058823529
2026-07-24 16:59:13,14,20,14.117647058823529
2026-07-24 16:59:13,14,20,14.117647058823529
2026-07-24 16:59:13,13,19,13.411764705882353
2026-07-24 16:59:13,14,20,14.117647058823529
2026-07-24 16:59:13,14,20,14.117647058823529
2026-07-24 16:59:13,14,20,14.117647058823529
2026-07-24 16:59:13,14,20,14.117647058823529
2026-07-24 16:59:13,14,20,14.117647058823529
2026-07-24 16:59:13,14,20,14.117647058823529
2026-07-24 16:59:14,14,20,14.117647058823529
2026-07-24 16:59:14,16,22,15.529411764705882
2026-07-24 16:59:14,19,25,17.647058823529413
2026-07-24 16:59:14,1C,28,19.764705882352942
2026-07-24 16:59:14,1F,31,21.88235294117647
2026-07-24 16:59:14,24,36,25.41176470588235
2026-07-24 16:59:14,27,39,27.529411764705884
2026-07-24 16:59:14,2A,42,29.647058823529413
2026-07-24 16:59:14,2E,46,32.470588235294116
2026-07-24 16:59:14,30,48,33.88235294117647
2026-07-24 16:59:15,33,51,36.0
2026-07-24 16:59:15,35,53,37.411764705882355
2026-07-24 16:59:15,38,56,39.529411764705884
2026-07-24 16:59:15,3A,58,40.94117647058823
2026-07-24 16:59:15,3B,59,41.64705882352941
2026-07-24 16:59:15,3B,59,41.64705882352941
2026-07-24 16:59:15,3D,61,43.05882352941177
2026-07-24 16:59:15,40,64,45.1764705882353
2026-07-24 16:59:15,43,67,47.294117647058826
2026-07-24 16:59:15,44,68,48.0
2026-07-24 16:59:16,46,70,49.411764705882355
2026-07-24 16:59:16,48,72,50.8235294117647
2026-07-24 16:59:16,4B,75,52.94117647058823
2026-07-24 16:59:16,4D,77,54.35294117647059
2026-07-24 16:59:16,50,80,56.470588235294116
2026-07-24 16:59:16,54,84,59.294117647058826
2026-07-24 16:59:16,58,88,62.11764705882353
2026-07-24 16:59:16,5E,94,66.3529411764706
2026-07-24 16:59:16,65,101,71.29411764705883
2026-07-24 16:59:16,73,115,81.17647058823529
2026-07-24 16:59:17,85,133,93.88235294117646
2026-07-24 16:59:17,95,149,105.17647058823529
2026-07-24 16:59:17,BF,191,134.8235294117647
2026-07-24 16:59:17,CB,203,143.2941176470588
2026-07-24 16:59:17,D8,216,152.47058823529412
2026-07-24 16:59:17,E1,225,158.8235294117647
2026-07-24 16:59:17,EE,238,168.0
2026-07-24 16:59:17,FF,255,180.0
2026-07-24 16:59:17,FF,255,180.0
2026-07-24 16:59:17,FF,255,180.0
2026-07-24 16:59:18,FF,255,180.0
2026-07-24 16:59:18,FF,255,180.0
2026-07-24 16:59:18,FF,255,180.0
2026-07-24 16:59:18,FF,255,180.0
2026-07-24 16:59:18,FF,255,180.0
2026-07-24 16:59:18,FF,255,180.0
2026-07-24 16:59:18,FF,255,180.0
2026-07-24 16:59:18,FF,255,180.0
2026-07-24 16:59:18,F1,241,170.11764705882354
2026-07-24 16:59:18,DB,219,154.58823529411765
2026-07-24 16:59:19,C4,196,138.35294117647058
2026-07-24 16:59:19,B2,178,125.6470588235294
2026-07-24 16:59:19,96,150,105.88235294117646
2026-07-24 16:59:19,71,113,79.76470588235294
2026-07-24 16:59:19,49,73,51.529411764705884
2026-07-24 16:59:19,2E,46,32.470588235294116
2026-07-24 16:59:19,12,18,12.705882352941176
2026-07-24 16:59:19,04,4,2.823529411764706
2026-07-24 16:59:19,02,2,1.411764705882353
2026-07-24 16:59:19,0D,13,9.176470588235293
2026-07-24 16:59:20,0E,14,9.882352941176471
2026-07-24 16:59:20,0F,15,10.588235294117647
2026-07-24 16:59:20,0F,15,10.588235294117647
2026-07-24 16:59:20,0F,15,10.588235294117647
2026-07-24 16:59:20,0F,15,10.588235294117647
2026-07-24 16:59:20,0F,15,10.588235294117647
2026-07-24 16:59:20,0F,15,10.588235294117647
2026-07-24 16:59:20,0F,15,10.588235294117647
2026-07-24 16:59:20,0F,15,10.588235294117647
2026-07-24 16:59:20,0F,15,10.588235294117647
2026-07-24 16:59:21,0F,15,10.588235294117647
2026-07-24 16:59:21,0F,15,10.588235294117647
2026-07-24 16:59:21,0F,15,10.588235294117647
2026-07-24 16:59:21,0F,15,10.588235294117647
2026-07-24 16:59:21,0F,15,10.588235294117647
2026-07-24 16:59:21,0F,15,10.588235294117647
2026-07-24 16:59:21,0F,15,10.588235294117647
2026-07-24 16:59:21,0F,15,10.588235294117647
2026-07-24 16:59:21,0F,15,10.588235294117647
2026-07-24 16:59:21,0E,14,9.882352941176471
2026-07-24 16:59:22,0E,14,9.882352941176471
2026-07-24 16:59:22,0F,15,10.588235294117647
2026-07-24 16:59:22,0F,15,10.588235294117647
2026-07-24 16:59:22,0F,15,10.588235294117647
2026-07-24 16:59:22,0F,15,10.588235294117647
2026-07-24 16:59:22,0F,15,10.588235294117647
2026-07-24 16:59:22,0F,15,10.588235294117647
2026-07-24 16:59:22,0F,15,10.588235294117647
2026-07-24 16:59:22,0E,14,9.882352941176471
2026-07-24 16:59:22,0F,15,10.588235294117647
2026-07-24 16:59:23,0F,15,10.588235294117647
2026-07-24 16:59:23,0F,15,10.588235294117647
2026-07-24 16:59:23,0F,15,10.588235294117647
2026-07-24 16:59:23,0F,15,10.588235294117647
2026-07-24 16:59:23,0E,14,9.882352941176471
2026-07-24 16:59:23,0F,15,10.588235294117647
2026-07-24 16:59:23,0F,15,10.588235294117647
2026-07-24 16:59:23,0F,15,10.588235294117647
2026-07-24 16:59:23,0E,14,9.882352941176471
2026-07-24 16:59:23,0F,15,10.588235294117647
2026-07-24 16:59:24,10,16,11.294117647058824
2026-07-24 16:59:24,13,19,13.411764705882353
2026-07-24 16:59:24,13,19,13.411764705882353
2026-07-24 16:59:24,13,19,13.411764705882353
2026-07-24 16:59:24,13,19,13.411764705882353
2026-07-24 16:59:24,12,18,12.705882352941176
2026-07-24 16:59:24,12,18,12.705882352941176
2026-07-24 16:59:24,11,17,12.0
2026-07-24 16:59:24,12,18,12.705882352941176
2026-07-24 16:59:24,12,18,12.705882352941176
2026-07-24 16:59:25,12,18,12.705882352941176
2026-07-24 16:59:25,12,18,12.705882352941176
2026-07-24 16:59:25,11,17,12.0
2026-07-24 16:59:25,11,17,12.0
2026-07-24 16:59:25,10,16,11.294117647058824
2026-07-24 16:59:25,0F,15,10.588235294117647
2026-07-24 16:59:25,0E,14,9.882352941176471
2026-07-24 16:59:25,0F,15,10.588235294117647
2026-07-24 16:59:25,0F,15,10.588235294117647
2026-07-24 16:59:25,0F,15,10.588235294117647
2026-07-24 16:59:26,0F,15,10.588235294117647
2026-07-24 16:59:26,0F,15,10.588235294117647
2026-07-24 16:59:26,0E,14,9.882352941176471
2026-07-24 16:59:26,0F,15,10.588235294117647
2026-07-24 16:59:26,0F,15,10.588235294117647
2026-07-24 16:59:26,05,5,3.5294117647058822
2026-07-24 16:59:26,00,0,0.0
2026-07-24 16:59:26,00,0,0.0
2026-07-24 16:59:26,00,0,0.0
2026-07-24 16:59:26,00,0,0.0
2026-07-24 16:59:27,00,0,0.0
2026-07-24 16:59:27,00,0,0.0
2026-07-24 16:59:27,00,0,0.0
2026-07-24 16:59:27,00,0,0.0
2026-07-24 16:59:27,00,0,0.0
2026-07-24 16:59:27,00,0,0.0
2026-07-24 16:59:27,12,18,12.705882352941176
2026-07-24 16:59:27,22,34,24.0
2026-07-24 16:59:27,1F,31,21.88235294117647
2026-07-24 16:59:27,14,20,14.117647058823529
2026-07-24 16:59:28,15,21,14.823529411764707
2026-07-24 16:59:28,15,21,14.823529411764707
2026-07-24 16:59:28,14,20,14.117647058823529
2026-07-24 16:59:28,15,21,14.823529411764707
2026-07-24 16:59:28,15,21,14.823529411764707
2026-07-24 16:59:28,15,21,14.823529411764707
2026-07-24 16:59:28,16,22,15.529411764705882
2026-07-24 16:59:28,18,24,16.941176470588236
2026-07-24 16:59:28,1E,30,21.176470588235293
2026-07-24 16:59:28,24,36,25.41176470588235
2026-07-24 16:59:29,2D,45,31.764705882352942
2026-07-24 16:59:29,35,53,37.411764705882355
2026-07-24 16:59:29,3D,61,43.05882352941177
2026-07-24 16:59:29,45,69,48.705882352941174
2026-07-24 16:59:29,4D,77,54.35294117647059
2026-07-24 16:59:29,56,86,60.705882352941174
2026-07-24 16:59:29,5C,92,64.94117647058823
2026-07-24 16:59:29,63,99,69.88235294117646
2026-07-24 16:59:29,6A,106,74.82352941176471
2026-07-24 16:59:29,6F,111,78.3529411764706
2026-07-24 16:59:30,72,114,80.47058823529412
2026-07-24 16:59:30,72,114,80.47058823529412
2026-07-24 16:59:30,72,114,80.47058823529412
2026-07-24 16:59:30,71,113,79.76470588235294
2026-07-24 16:59:30,73,115,81.17647058823529
2026-07-24 16:59:30,76,118,83.29411764705883
2026-07-24 16:59:30,76,118,83.29411764705883
2026-07-24 16:59:30,76,118,83.29411764705883
2026-07-24 16:59:30,76,118,83.29411764705883
2026-07-24 16:59:30,76,118,83.29411764705883
2026-07-24 16:59:31,76,118,83.29411764705883
2026-07-24 16:59:31,76,118,83.29411764705883
2026-07-24 16:59:31,76,118,83.29411764705883
2026-07-24 16:59:31,76,118,83.29411764705883
2026-07-24 16:59:31,76,118,83.29411764705883
2026-07-24 16:59:31,78,120,84.70588235294117
2026-07-24 16:59:31,79,121,85.41176470588235
2026-07-24 16:59:31,79,121,85.41176470588235
2026-07-24 16:59:31,79,121,85.41176470588235
2026-07-24 16:59:31,79,121,85.41176470588235
2026-07-24 16:59:32,79,121,85.41176470588235
2026-07-24 16:59:32,78,120,84.70588235294117
2026-07-24 16:59:32,79,121,85.41176470588235
2026-07-24 16:59:32,7B,123,86.82352941176471
2026-07-24 16:59:32,7B,123,86.82352941176471
2026-07-24 16:59:32,7B,123,86.82352941176471
2026-07-24 16:59:32,7D,125,88.23529411764706
2026-07-24 16:59:32,7E,126,88.94117647058823
2026-07-24 16:59:32,7F,127,89.6470588235294
2026-07-24 16:59:32,81,129,91.05882352941177
2026-07-24 16:59:33,81,129,91.05882352941177
2026-07-24 16:59:33,81,129,91.05882352941177
2026-07-24 16:59:33,81,129,91.05882352941177
2026-07-24 16:59:33,83,131,92.47058823529412
2026-07-24 16:59:33,83,131,92.47058823529412
2026-07-24 16:59:33,83,131,92.47058823529412
2026-07-24 16:59:33,83,131,92.47058823529412
2026-07-24 16:59:33,82,130,91.76470588235294
2026-07-24 16:59:33,83,131,92.47058823529412
2026-07-24 16:59:33,83,131,92.47058823529412
2026-07-24 16:59:34,86,134,94.58823529411765
2026-07-24 16:59:34,8A,138,97.41176470588235
2026-07-24 16:59:34,8C,140,98.82352941176471
2026-07-24 16:59:34,8C,140,98.82352941176471
2026-07-24 16:59:34,8C,140,98.82352941176471
2026-07-24 16:59:34,8B,139,98.11764705882354
2026-07-24 16:59:34,8C,140,98.82352941176471
2026-07-24 16:59:34,8A,138,97.41176470588235
2026-07-24 16:59:34,81,129,91.05882352941177
2026-07-24 16:59:34,82,130,91.76470588235294
2026-07-24 16:59:35,82,130,91.76470588235294
2026-07-24 16:59:35,82,130,91.76470588235294
2026-07-24 16:59:35,82,130,91.76470588235294
2026-07-24 16:59:35,82,130,91.76470588235294
2026-07-24 16:59:35,81,129,91.05882352941177
2026-07-24 16:59:35,81,129,91.05882352941177
2026-07-24 16:59:35,82,130,91.76470588235294
2026-07-24 16:59:35,82,130,91.76470588235294
2026-07-24 16:59:35,82,130,91.76470588235294
2026-07-24 16:59:35,82,130,91.76470588235294
2026-07-24 16:59:36,82,130,91.76470588235294
2026-07-24 16:59:36,82,130,91.76470588235294
2026-07-24 16:59:36,82,130,91.76470588235294
2026-07-24 16:59:36,82,130,91.76470588235294
2026-07-24 16:59:36,82,130,91.76470588235294
2026-07-24 16:59:36,81,129,91.05882352941177
2026-07-24 16:59:36,82,130,91.76470588235294
2026-07-24 16:59:36,82,130,91.76470588235294
2026-07-24 16:59:36,82,130,91.76470588235294
2026-07-24 16:59:36,82,130,91.76470588235294
2026-07-24 16:59:37,85,133,93.88235294117646
2026-07-24 16:59:37,85,133,93.88235294117646
2026-07-24 16:59:37,85,133,93.88235294117646
2026-07-24 16:59:37,85,133,93.88235294117646
2026-07-24 16:59:37,85,133,93.88235294117646
2026-07-24 16:59:37,88,136,96.0
2026-07-24 16:59:37,8A,138,97.41176470588235
2026-07-24 16:59:37,8C,140,98.82352941176471
2026-07-24 16:59:37,91,145,102.3529411764706
2026-07-24 16:59:37,94,148,104.47058823529412
2026-07-24 16:59:38,97,151,106.58823529411765
2026-07-24 16:59:38,9A,154,108.70588235294117
2026-07-24 16:59:38,9C,156,110.11764705882354
2026-07-24 16:59:38,9D,157,110.82352941176471
2026-07-24 16:59:38,9E,158,111.52941176470588
2026-07-24 16:59:38,9D,157,110.82352941176471
2026-07-24 16:59:38,9D,157,110.82352941176471
2026-07-24 16:59:38,9E,158,111.52941176470588
2026-07-24 16:59:38,9E,158,111.52941176470588
2026-07-24 16:59:38,9E,158,111.52941176470588
2026-07-24 16:59:39,9D,157,110.82352941176471
2026-07-24 16:59:39,9E,158,111.52941176470588
2026-07-24 16:59:39,9E,158,111.52941176470588
2026-07-24 16:59:39,9E,158,111.52941176470588
2026-07-24 16:59:39,9E,158,111.52941176470588
2026-07-24 16:59:39,9E,158,111.52941176470588
2026-07-24 16:59:39,9E,158,111.52941176470588
2026-07-24 16:59:39,9E,158,111.52941176470588
2026-07-24 16:59:39,9E,158,111.52941176470588
2026-07-24 16:59:39,9F,159,112.23529411764706
2026-07-24 16:59:40,A5,165,116.47058823529412
2026-07-24 16:59:40,AE,174,122.82352941176471
2026-07-24 16:59:40,B7,183,129.1764705882353
2026-07-24 16:59:40,BE,190,134.11764705882354
2026-07-24 16:59:40,C1,193,136.23529411764707
2026-07-24 16:59:40,C6,198,139.76470588235293
2026-07-24 16:59:40,CC,204,144.0
2026-07-24 16:59:40,D1,209,147.52941176470588
2026-07-24 16:59:40,D4,212,149.64705882352942
2026-07-24 16:59:40,D8,216,152.47058823529412
2026-07-24 16:59:41,DC,220,155.2941176470588
2026-07-24 16:59:41,E0,224,158.11764705882354
2026-07-24 16:59:41,E3,227,160.23529411764707
2026-07-24 16:59:41,E6,230,162.35294117647058
2026-07-24 16:59:41,E8,232,163.76470588235293
2026-07-24 16:59:41,EC,236,166.58823529411765
2026-07-24 16:59:41,F0,240,169.41176470588235
2026-07-24 16:59:41,F3,243,171.52941176470588
2026-07-24 16:59:41,F5,245,172.94117647058823
2026-07-24 16:59:41,F8,248,175.05882352941177
2026-07-24 16:59:42,FB,251,177.1764705882353
2026-07-24 16:59:42,FD,253,178.58823529411765
2026-07-24 16:59:42,FF,255,180.0
2026-07-24 16:59:42,FF,255,180.0
2026-07-24 16:59:42,FF,255,180.0
2026-07-24 16:59:42,FF,255,180.0
2026-07-24 16:59:42,FF,255,180.0
2026-07-24 16:59:42,FF,255,180.0
2026-07-24 16:59:42,FF,255,180.0
2026-07-24 16:59:42,FF,255,180.0
2026-07-24 16:59:43,FF,255,180.0
2026-07-24 16:59:43,FF,255,180.0
2026-07-24 16:59:43,FF,255,180.0
2026-07-24 16:59:43,FF,255,180.0
2026-07-24 16:59:43,FF,255,180.0
2026-07-24 16:59:43,FF,255,180.0
2026-07-24 16:59:43,FF,255,180.0
2026-07-24 16:59:43,FF,255,180.0
2026-07-24 16:59:43,FF,255,180.0
2026-07-24 16:59:43,FF,255,180.0
2026-07-24 16:59:44,FF,255,180.0
2026-07-24 16:59:44,FF,255,180.0
2026-07-24 16:59:44,FF,255,180.0
2026-07-24 16:59:44,FF,255,180.0
2026-07-24 16:59:44,FF,255,180.0
2026-07-24 16:59:44,FF,255,180.0
2026-07-24 16:59:44,FF,255,180.0
2026-07-24 16:59:44,FF,255,180.0
2026-07-24 16:59:44,FF,255,180.0
2026-07-24 16:59:44,FF,255,180.0
2026-07-24 16:59:45,FF,255,180.0
2026-07-24 16:59:45,FF,255,180.0
2026-07-24 16:59:45,FF,255,180.0
2026-07-24 16:59:45,FF,255,180.0
2026-07-24 16:59:45,FF,255,180.0
2026-07-24 16:59:45,FF,255,180.0
2026-07-24 16:59:45,FF,255,180.0
2026-07-24 16:59:45,F4,244,172.23529411764707
2026-07-24 16:59:45,D2,210,148.23529411764707
2026-07-24 16:59:45,C0,192,135.52941176470588
2026-07-24 16:59:46,BF,191,134.8235294117647
2026-07-24 16:59:46,BF,191,134.8235294117647
2026-07-24 16:59:46,BE,190,134.11764705882354
2026-07-24 16:59:46,BF,191,134.8235294117647
2026-07-24 16:59:46,BC,188,132.7058823529412
2026-07-24 16:59:46,7D,125,88.23529411764706
2026-07-24 16:59:46,19,25,17.647058823529413
2026-07-24 16:59:46,15,21,14.823529411764707
2026-07-24 16:59:46,24,36,25.41176470588235
2026-07-24 16:59:46,24,36,25.41176470588235
2026-07-24 16:59:47,25,37,26.11764705882353
2026-07-24 16:59:47,25,37,26.11764705882353
2026-07-24 16:59:47,24,36,25.41176470588235
2026-07-24 16:59:47,25,37,26.11764705882353
2026-07-24 16:59:47,25,37,26.11764705882353
2026-07-24 16:59:47,25,37,26.11764705882353
2026-07-24 16:59:47,25,37,26.11764705882353
2026-07-24 16:59:47,25,37,26.11764705882353
2026-07-24 16:59:47,25,37,26.11764705882353
2026-07-24 16:59:47,25,37,26.11764705882353
2026-07-24 16:59:48,25,37,26.11764705882353
2026-07-24 16:59:48,24,36,25.41176470588235
2026-07-24 16:59:48,25,37,26.11764705882353
2026-07-24 16:59:48,25,37,26.11764705882353
2026-07-24 16:59:48,25,37,26.11764705882353
2026-07-24 16:59:48,25,37,26.11764705882353
2026-07-24 16:59:48,25,37,26.11764705882353
2026-07-24 16:59:48,25,37,26.11764705882353
2026-07-24 16:59:48,25,37,26.11764705882353
2026-07-24 16:59:48,25,37,26.11764705882353
2026-07-24 16:59:49,25,37,26.11764705882353
2026-07-24 16:59:49,25,37,26.11764705882353
2026-07-24 16:59:49,25,37,26.11764705882353
2026-07-24 16:59:49,25,37,26.11764705882353
2026-07-24 16:59:49,25,37,26.11764705882353
2026-07-24 16:59:49,25,37,26.11764705882353
2026-07-24 16:59:49,25,37,26.11764705882353
2026-07-24 16:59:49,25,37,26.11764705882353
2026-07-24 16:59:49,25,37,26.11764705882353
2026-07-24 16:59:49,25,37,26.11764705882353
2026-07-24 16:59:50,25,37,26.11764705882353
2026-07-24 16:59:50,25,37,26.11764705882353
2026-07-24 16:59:50,25,37,26.11764705882353
2026-07-24 16:59:50,25,37,26.11764705882353
2026-07-24 16:59:50,25,37,26.11764705882353
2026-07-24 16:59:50,25,37,26.11764705882353
2026-07-24 16:59:50,25,37,26.11764705882353
2026-07-24 16:59:50,25,37,26.11764705882353
2026-07-24 16:59:50,25,37,26.11764705882353
2026-07-24 16:59:50,25,37,26.11764705882353
2026-07-24 16:59:51,25,37,26.11764705882353
2026-07-24 16:59:51,25,37,26.11764705882353
2026-07-24 16:59:51,25,37,26.11764705882353
2026-07-24 16:59:51,24,36,25.41176470588235
2026-07-24 16:59:51,25,37,26.11764705882353
2026-07-24 16:59:51,25,37,26.11764705882353
2026-07-24 16:59:51,25,37,26.11764705882353
2026-07-24 16:59:51,25,37,26.11764705882353
2026-07-24 16:59:51,25,37,26.11764705882353
2026-07-24 16:59:51,25,37,26.11764705882353
2026-07-24 16:59:52,25,37,26.11764705882353
2026-07-24 16:59:52,25,37,26.11764705882353
2026-07-24 16:59:52,25,37,26.11764705882353
2026-07-24 16:59:52,25,37,26.11764705882353
2026-07-24 16:59:52,24,36,25.41176470588235
2026-07-24 16:59:52,25,37,26.11764705882353
2026-07-24 16:59:52,25,37,26.11764705882353
2026-07-24 16:59:52,25,37,26.11764705882353
2026-07-24 16:59:52,25,37,26.11764705882353
2026-07-24 16:59:52,25,37,26.11764705882353
2026-07-24 16:59:53,25,37,26.11764705882353
